{
  "num_samples": 100,
  "compression_ratio": {
    "mean": 1.7124936994920785,
    "std": 2.1283321303565024,
    "min": 0.094548327627074,
    "max": 14.125
  },
  "entity_recall": {
    "mean": 0.043830515186499025,
    "std": 0.04929771285706484,
    "min": 0.0,
    "max": 0.25
  },
  "bertscore_f1": {
    "mean": 0.5631412267684937,
    "std": 0.020762238651514053,
    "min": 0.5020066499710083,
    "max": 0.6158069372177124
  },
  "config": {
    "stage1_model": "google/medgemma-4b-it",
    "stage2_model": "meta-llama/Meta-Llama-3-8B-Instruct",
    "num_samples_processed": 100
  }
}