{
  "num_samples": 10,
  "compression_ratio": {
    "mean": 2.406787771759396,
    "std": 2.7483707749635973,
    "min": 0.3557483731019523,
    "max": 8.955223880597014
  },
  "entity_recall": {
    "mean": 0.4418899401252343,
    "std": 0.15065418837121689,
    "min": 0.23529411764705882,
    "max": 0.6666666666666666
  },
  "bertscore_f1": {
    "mean": 0.6441178917884827,
    "std": 0.06832168996334076,
    "min": 0.566636323928833,
    "max": 0.7894414663314819
  },
  "config": {
    "stage1_model": "google/medgemma-4b-it",
    "stage2_model": "meta-llama/Meta-Llama-3-8B-Instruct",
    "num_samples_processed": 10
  }
}