{
  "num_samples": 10,
  "compression_ratio": {
    "mean": 3.181578659623635,
    "std": 4.0038292125367025,
    "min": 0.12979031091829357,
    "max": 10.626865671641792
  },
  "entity_recall": {
    "mean": 0.04177059052059052,
    "std": 0.042050573998517485,
    "min": 0.0,
    "max": 0.12121212121212122
  },
  "bertscore_f1": {
    "mean": 0.5724512934684753,
    "std": 0.019641432911157608,
    "min": 0.5370514988899231,
    "max": 0.6062677502632141
  },
  "config": {
    "stage1_model": "google/medgemma-4b-it",
    "stage2_model": "meta-llama/Meta-Llama-3-8B-Instruct",
    "num_samples_processed": 10
  }
}