{
  "model": "google/medgemma-4b-it",
  "adapter_path": "./medgemma-discharge-summarization/final",
  "num_test_samples": 100,
  "bertscore": {
    "precision": {
      "mean": 0.6683534979820251,
      "std": 0.04863528534770012,
      "min": 0.5590456128120422,
      "max": 0.8580230474472046
    },
    "recall": {
      "mean": 0.6677148342132568,
      "std": 0.06094558537006378,
      "min": 0.5083118677139282,
      "max": 0.874444842338562
    },
    "f1": {
      "mean": 0.667020857334137,
      "std": 0.04917570948600769,
      "min": 0.5439563989639282,
      "max": 0.8661561608314514
    }
  },
  "generation_config": {
    "max_new_tokens": 512,
    "temperature": 0.7,
    "top_p": 0.9,
    "top_k": 50,
    "repetition_penalty": 1.1
  }
}